DATETIME_10M,HOST,CNT
20181103075000,hadoop02,1
20181102200000,gcs7,135
20181103012000,hadoop01,1
20181102185000,ans41,46
20181102123000,gcs4,3
20181102141000,hadoop02,1
20181102160000,KVMHost01,6
20181103080000,ans41,57
20181103081000,dn03,1
20181102092000,hadoop04,1
20181102103000,gcs3,3
20181102104000,DB-01,1
20181103022000,platform2,1424
20181102221000,KVMHost02,4
20181102223000,dn02,1
20181102120000,hadoop02,6
20181102172000,KVMHost02,8
20181102085000,tsdn-svr1,41
20181103090000,hadoop04,6
20181103091000,hadoop02,1
20181103000000,gcs7,137
20181103005000,hadoop02,1
20181103050000,ans41,58
20181103055000,hadoop02,1
20181103055000,gcs5,3
20181102233000,hadoop02,1
20181103043000,gcs1,4292
20181103025000,gcs1,4296
20181102150000,DB-01,6
20181102211000,dn02,1
20181103073000,gcs2,3
20181103080000,gcs6,27
20181102133000,gcs6,3
20181103093000,ans41,46
20181102151000,gcs5,3
20181103035000,tsdn-svr1,204
20181102124000,gcs1,4292
20181102124000,gcs6,3
20181102181000,KVMHost02,4
20181102183000,KVMHost01,1
20181102205000,gcs7,105
20181103082000,hadoop03,1
20181103085000,hadoop04,1
20181102102000,gcs2,3
20181102105000,platform2,1417
20181103091000,gcs4,3
20181102150000,KVMHost02,16
20181102201000,hadoop01,1
20181103061000,KVMHost02,4
20181102223000,gcs3,3
20181102184000,gcs5,3
20181102184000,ans41,46
20181103020000,DB-01,9
20181102172000,hadoop02,1
20181103072000,DB-01,1
20181102125000,gcs6,3
20181102234000,gcs6,3
20181102115000,KVMHost02,4
20181103024000,hadoop01,1
20181102172000,tsdn-db,148
20181102153000,dn03,1
20181102190000,KVMHost01,6
20181102091000,gcs3,3
20181102092000,hadoop03,1
20181102094000,dn03,1
20181102100000,KVMHost02,16
20181103062000,hadoop04,1
20181103063000,KVMHost02,4
20181103064000,DB-01,1
20181102122000,hadoop04,1
20181102124000,gcs4,3
20181103073000,hadoop02,1
20181102144000,gcs3,3
20181102131000,hadoop03,1
20181103031000,tsdn-db,162
20181102163000,gcs5,3
20181103081000,platform2,1412
20181102194000,DB-01,1
20181102194000,dn02,1
20181102161000,gcs2,3
20181102122000,dn02,1
20181102135000,gcs5,3
20181102201000,DB-01,1
20181102233000,dn03,1
20181102091000,DB-01,1
20181102115000,platform2,1418
20181102104000,dn03,1
20181102150000,hadoop01,6
20181103015000,gcs5,3
20181102091000,hadoop04,1
20181102094000,gcs1,4315
20181102100000,hadoop04,6
20181103070000,platform2,1436
20181102205000,DB-01,1
20181102231000,gcs5,3
20181102220000,gcs1,4366
20181102161000,KVMHost02,4
20181102113000,gcs6,3
20181103005000,KVMHost02,4
20181102131000,gcs1,4326
20181102123000,gcs5,3
20181102182000,hadoop03,1
20181103073000,ans41,46
20181103024000,gcs4,3
20181102175000,gcs1,4386
20181102213000,hadoop01,1
20181102083000,ans41,46
20181102084000,gcs3,3
20181103012000,gcs4,3
20181103085000,tsdn-db,187
20181103041000,KVMHost02,4
20181103053000,gcs1,4325
20181102153000,ans41,46
20181102120000,tsdn-svr1,76
20181102120000,gcs7,135
20181102203000,gcs7,105
20181102231000,platform2,1418
20181102101000,hadoop02,1
20181102224000,gcs7,105
20181102113000,KVMHost01,1
20181102114000,gcs5,5
20181102092000,KVMHost02,8
20181102094000,hadoop02,1
20181102141000,DB-01,1
20181102144000,hadoop02,1
20181103014000,gcs2,3
20181103015000,gcs6,3
20181102174000,platform2,1417
20181103050000,gcs5,24
20181102134000,gcs7,105
20181103031000,gcs4,3
20181103032000,gcs3,3
20181103051000,KVMHost01,1
20181102200000,tsdn-svr1,1231
20181103003000,gcs5,3
20181102095000,tsdn-db,153
20181102113000,dn02,1
20181102114000,dn03,1
20181102115000,gcs1,4292
20181102175000,gcs2,3
20181102182000,gcs3,3
20181102082000,hadoop01,1
20181103043000,DB-01,1
20181103000000,hadoop01,9
20181102101000,gcs5,3
20181102223000,gcs6,3
20181102163000,dn03,1
20181103052000,tsdn-svr1,285
20181103085000,gcs2,3
20181102131000,gcs6,3
20181103010000,gcs5,26
20181103015000,gcs2,3
20181103041000,gcs4,3
20181102212000,gcs3,3
20181102161000,KVMHost01,1
20181103053000,gcs7,105
20181102141000,gcs4,3
20181103004000,gcs2,3
20181102124000,hadoop01,1
20181102112000,DB-01,1
20181102094000,tsdn-svr1,261
20181102183000,gcs1,4335
20181102103000,platform2,1388
20181102204000,tsdn-db,149
20181102204000,platform2,1418
20181102172000,hadoop03,1
20181103014000,hadoop03,1
20181103015000,dn02,1
20181102173000,hadoop02,1
20181102084000,ans41,46
20181102085000,gcs2,3
20181102092000,gcs3,3
20181102112000,gcs6,3
20181103031000,KVMHost01,1
20181102200000,gcs5,24
20181102122000,hadoop03,1
20181102123000,dn02,1
20181102160000,gcs2,27
20181102141000,gcs3,3
20181102165000,gcs3,3
20181102214000,hadoop02,1
20181102221000,gcs3,3
20181102224000,DB-01,1
20181102102000,gcs7,105
20181102104000,KVMHost01,1
20181103082000,dn03,1
20181103063000,tsdn-db,158
20181103070000,gcs7,135
20181103022000,hadoop02,1
20181102152000,tsdn-svr1,65
20181102160000,gcs5,24
20181102100000,hadoop02,6
20181102223000,tsdn-svr1,98
20181102164000,KVMHost02,8
20181102211000,DB-01,1
20181102143000,gcs4,3
20181103072000,hadoop03,1
20181103003000,ans41,49
20181102181000,gcs7,105
20181102184000,KVMHost01,1
20181102234000,gcs4,3
20181102093000,hadoop04,1
20181103073000,dn02,1
20181103080000,dn02,6
20181102111000,KVMHost01,1
20181102101000,dn03,1
20181102103000,tsdn-svr1,65
20181102201000,dn02,1
20181102171000,gcs1,4295
20181103051000,KVMHost02,4
20181102162000,gcs5,3
20181102163000,tsdn-db,145
20181102165000,gcs2,3
20181103001000,tsdn-svr1,325
20181103003000,KVMHost02,4
20181102133000,ans41,46
20181103023000,gcs7,105
20181103023000,tsdn-db,159
20181103014000,gcs1,4292
20181102172000,dn03,1
20181102175000,hadoop02,1
20181103045000,KVMHost01,1
20181102122000,gcs3,3
20181102143000,gcs7,105
20181102161000,hadoop02,1
20181102132000,dn03,1
20181103023000,dn03,1
20181102211000,dn03,1
20181102212000,hadoop03,1
20181102112000,KVMHost01,1
20181102183000,gcs5,3
20181102184000,gcs1,4292
20181102223000,gcs2,3
20181102101000,gcs4,3
20181102181000,gcs4,3
20181102185000,hadoop04,1
20181103012000,tsdn-svr1,186
20181103013000,tsdn-db,158
20181102140000,gcs1,4399
20181102150000,gcs7,135
20181102081000,gcs3,3
20181102081000,hadoop04,1
20181103061000,dn03,1
20181102211000,KVMHost01,1
20181102215000,hadoop04,1
20181103040000,platform2,1414
20181102112000,hadoop02,1
20181102125000,gcs2,3
20181102203000,DB-01,1
20181102204000,hadoop04,1
20181103020000,ans41,60
20181102155000,gcs5,3
20181103013000,gcs5,3
20181103013000,dn03,1
20181102105000,ans41,46
20181103071000,gcs7,105
20181102175000,dn02,1
20181102085000,ans41,46
20181102143000,gcs3,3
20181103044000,ans41,46
20181102215000,hadoop01,1
20181103083000,KVMHost01,1
20181103093000,hadoop03,1
20181102190000,gcs1,4399
20181102125000,gcs1,4325
20181102125000,gcs4,3
20181102125000,hadoop01,1
20181103010000,dn02,9
20181102082000,hadoop03,1
20181102204000,KVMHost02,8
20181102092000,DB-01,1
20181103042000,dn02,1
20181103085000,DB-01,1
20181102220000,tsdn-db,152
20181102221000,hadoop04,1
20181102224000,platform2,1441
20181103090000,dn02,6
20181102170000,dn02,6
20181102170000,gcs5,24
20181102190000,gcs3,27
20181102081000,hadoop02,1
20181102183000,dn03,1
20181102185000,gcs1,4296
20181103000000,DB-01,9
20181103080000,KVMHost02,16
20181102211000,gcs6,3
20181103074000,tsdn-db,164
20181103075000,gcs7,105
20181102132000,gcs4,3
20181103055000,dn02,1
20181103012000,platform2,1488
20181103020000,KVMHost01,9
20181102204000,gcs7,105
20181103081000,hadoop03,1
20181102151000,gcs6,3
20181102153000,hadoop02,1
20181102193000,gcs7,105
20181103005000,platform2,1417
20181102185000,DB-01,1
20181102140000,tsdn-db,152
20181103024000,gcs1,4325
20181103024000,gcs3,3
20181103043000,gcs2,3
20181102222000,gcs5,3
20181103054000,tsdn-db,158
20181103035000,dn03,1
20181103074000,dn03,1
20181102180000,gcs4,27
20181102152000,gcs6,3
20181102154000,gcs2,3
20181102080000,gcs2,5
20181102081000,gcs5,3
20181103081000,gcs4,3
20181103082000,gcs5,3
20181103085000,hadoop01,1
20181102143000,hadoop03,1
20181103013000,gcs1,4325
20181103034000,hadoop02,1
20181103000000,gcs6,29
20181103002000,hadoop02,1
20181102161000,gcs5,3
20181102162000,tsdn-db,219
20181102132000,KVMHost02,8
20181102225000,ans41,46
20181102101000,hadoop04,1
20181102185000,hadoop03,1
20181103021000,hadoop03,1
20181102214000,gcs2,3
20181102173000,gcs1,4292
20181102175000,gcs5,3
20181103013000,hadoop01,1
20181103044000,gcs4,3
20181102191000,tsdn-svr1,168
20181102194000,gcs3,3
20181102234000,ans41,46
20181102103000,dn03,1
20181103080000,gcs7,135
20181103030000,tsdn-db,170
20181103032000,gcs1,4292
20181103001000,gcs6,3
20181102092000,KVMHost01,1
20181102224000,gcs5,3
20181102225000,hadoop01,1
20181102160000,hadoop02,6
20181102161000,gcs4,3
20181102175000,dn03,1
20181102085000,gcs3,3
20181102230000,DB-01,6
20181102154000,hadoop03,1
20181102181000,tsdn-svr1,88
20181102204000,hadoop02,1
20181103041000,gcs6,3
20181102093000,hadoop01,1
20181103054000,dn02,1
20181103092000,KVMHost01,1
20181102215000,hadoop03,1
20181102190000,tsdn-svr1,286
20181102193000,gcs4,3
20181103013000,KVMHost02,4
20181103014000,hadoop02,1
20181102120000,hadoop01,6
20181102123000,gcs6,3
20181102145000,hadoop04,1
20181103033000,dn03,1
20181102082000,hadoop02,1
20181103082000,hadoop04,1
20181102133000,tsdn-svr1,64
20181103040000,gcs3,27
20181103050000,hadoop03,6
20181102135000,platform2,1417
20181102192000,gcs1,4325
20181102155000,gcs3,3
20181103014000,tsdn-svr1,163
20181102124000,KVMHost02,8
20181102173000,gcs7,105
20181102083000,dn02,1
20181102203000,gcs6,3
20181102222000,platform2,1420
20181102103000,gcs6,3
20181103051000,hadoop02,1
20181103053000,KVMHost02,4
20181103054000,gcs4,3
20181103060000,hadoop03,6
20181102210000,tsdn-db,155
20181102215000,gcs7,105
20181102124000,gcs5,3
20181103000000,gcs5,26
20181102203000,tsdn-svr1,230
20181102172000,hadoop01,1
20181103040000,KVMHost02,16
20181102085000,hadoop03,1
20181102132000,hadoop01,1
20181102183000,DB-01,1
20181103021000,DB-01,1
20181102221000,tsdn-db,153
20181102120000,dn03,6
20181103010000,hadoop02,9
20181102174000,tsdn-db,143
20181102180000,hadoop03,6
20181103064000,ans41,46
20181103014000,gcs4,3
20181102100000,hadoop01,6
20181102101000,gcs7,105
20181102082000,ans41,46
20181103090000,dn03,6
20181102204000,dn02,1
20181103023000,dn02,1
20181102151000,gcs7,105
20181102134000,dn03,1
20181102135000,hadoop01,1
20181103075000,gcs3,3
20181102145000,gcs5,3
20181102174000,hadoop04,1
20181102180000,hadoop02,6
20181102202000,dn03,1
20181103042000,hadoop01,1
20181103061000,tsdn-svr1,132
20181103062000,hadoop02,1
20181103030000,KVMHost02,19
20181102134000,gcs5,3
20181102113000,gcs1,4325
20181102114000,gcs3,3
20181102154000,gcs6,3
20181102215000,KVMHost02,4
20181102194000,platform2,1418
20181103000000,KVMHost01,9
20181103081000,hadoop01,1
20181102100000,platform2,1412
20181102103000,hadoop01,1
20181103011000,gcs7,105
20181103014000,gcs6,3
20181103015000,tsdn-db,163
20181102230000,tsdn-db,172
20181102213000,gcs5,3
20181102215000,platform2,1418
20181102112000,ans41,46
20181102142000,KVMHost01,1
20181102142000,dn02,1
20181103034000,hadoop03,1
20181102163000,KVMHost02,4
20181103005000,gcs1,4296
20181102171000,gcs2,3
20181102082000,platform2,1388
20181102084000,DB-01,1
20181102094000,gcs6,3
20181102222000,dn03,1
20181102111000,gcs7,105
20181102232000,KVMHost01,1
20181102160000,platform2,1412
20181102180000,gcs2,27
20181102140000,ans41,57
20181102143000,gcs1,4325
20181102173000,hadoop04,1
20181103034000,gcs1,4292
20181103034000,dn02,1
20181102195000,gcs1,4339
20181103045000,dn02,1
20181102092000,platform2,1418
20181103012000,gcs7,105
20181103081000,tsdn-db,162
20181103082000,gcs1,4325
20181103084000,gcs4,3
20181102105000,tsdn-db,149
20181102220000,ans41,57
20181102103000,dn02,1
20181103004000,gcs3,3
20181103050000,gcs3,27
20181103050000,gcs2,27
20181102175000,gcs4,3
20181103052000,gcs7,105
20181103034000,gcs2,10
20181102192000,tsdn-db,149
20181102194000,gcs5,3
20181102210000,hadoop02,6
20181102152000,hadoop03,1
20181102214000,KVMHost01,1
20181103021000,platform2,1435
20181102182000,hadoop04,1
20181102110000,DB-01,6
20181103073000,gcs4,3
20181102212000,tsdn-svr1,183
20181102214000,KVMHost02,8
20181103005000,gcs5,3
20181102083000,DB-01,1
20181102101000,gcs2,3
20181102131000,gcs2,3
20181102181000,dn03,1
20181102183000,tsdn-db,152
20181102200000,tsdn-db,158
20181102210000,dn02,6
20181102180000,gcs3,27
20181102084000,hadoop02,1
20181102085000,tsdn-db,143
20181103030000,dn02,9
20181102155000,tsdn-db,155
20181102155000,gcs1,4292
20181102113000,gcs3,3
20181102113000,gcs7,105
20181102115000,gcs5,3
20181102220000,tsdn-svr1,152
20181102221000,tsdn-svr1,304
20181103004000,dn03,1
20181103064000,gcs6,3
20181102191000,gcs3,3
20181102193000,platform2,1388
20181103075000,hadoop04,1
20181102231000,tsdn-db,157
20181102233000,tsdn-db,156
20181102212000,tsdn-db,146
20181103011000,hadoop02,1
20181102232000,ans41,46
20181103060000,gcs4,27
20181103074000,KVMHost02,8
20181102091000,gcs2,3
20181102094000,tsdn-db,150
20181102172000,gcs7,105
20181102165000,tsdn-db,148
20181103035000,gcs2,3
20181103063000,gcs5,3
20181102102000,dn03,1
20181102104000,gcs5,3
20181102150000,gcs6,27
20181102171000,hadoop01,1
20181102172000,gcs4,3
20181102084000,gcs4,3
20181103003000,gcs4,3
20181103010000,gcs2,29
20181103073000,gcs3,3
20181102221000,platform2,1417
20181102223000,gcs5,3
20181102225000,KVMHost01,1
20181102114000,hadoop04,1
20181103053000,gcs5,3
20181102132000,gcs5,3
20181102235000,platform2,1448
20181102180000,KVMHost01,6
20181103063000,tsdn-svr1,289
20181103001000,hadoop01,1
20181103001000,DB-01,1
20181102170000,KVMHost01,6
20181103054000,KVMHost02,8
20181103030000,ans41,63
20181102085000,KVMHost01,1
20181102090000,tsdn-db,158
20181102205000,tsdn-db,146
20181103042000,platform2,1417
20181103043000,tsdn-svr1,273
20181103045000,gcs5,3
20181102164000,KVMHost01,1
20181103085000,gcs6,3
20181102193000,hadoop01,1
20181102194000,gcs7,105
20181102135000,gcs1,4292
20181102223000,hadoop04,1
20181102110000,tsdn-db,152
20181102211000,KVMHost02,4
20181103065000,ans41,46
20181102192000,tsdn-svr1,624
20181103002000,hadoop01,1
20181103084000,gcs7,105
20181103031000,gcs5,10
20181103035000,hadoop01,1
20181102095000,gcs4,3
20181102095000,KVMHost01,1
20181102154000,gcs5,3
20181102154000,dn03,1
20181102182000,ans41,46
20181102205000,gcs4,3
20181102080000,dn02,5
20181103065000,tsdn-db,157
20181103054000,DB-01,1
20181103011000,ans41,46
20181103045000,hadoop03,1
20181102182000,KVMHost02,8
20181103034000,DB-01,18
20181102225000,gcs4,3
20181103092000,ans41,46
20181102130000,KVMHost01,6
20181102135000,dn02,1
20181102091000,hadoop01,1
20181102091000,KVMHost02,4
20181102150000,KVMHost01,6
20181102151000,dn03,1
20181102194000,ans41,46
20181102121000,tsdn-db,146
20181102124000,KVMHost01,1
20181103002000,gcs1,4292
20181102165000,gcs4,3
20181102165000,gcs7,105
20181102165000,KVMHost01,1
20181103065000,gcs5,3
20181102212000,gcs4,3
20181102220000,hadoop02,6
20181102132000,hadoop04,1
20181102195000,hadoop02,1
20181103051000,gcs1,4326
20181103030000,hadoop02,24
20181103000000,ans41,62
20181103005000,DB-01,1
20181102121000,gcs4,3
20181102100000,dn02,6
20181102163000,ans41,46
20181103074000,gcs6,3
20181102173000,KVMHost01,1
20181102185000,gcs7,105
20181102160000,KVMHost02,16
20181103051000,gcs2,3
20181103033000,hadoop01,16
20181103034000,KVMHost01,18
20181103035000,hadoop02,1
20181103062000,gcs7,105
20181103062000,ans41,46
20181103064000,gcs4,3
20181102201000,KVMHost01,1
20181102202000,hadoop02,1
20181102210000,gcs3,27
20181102231000,dn03,1
20181102234000,hadoop02,1
20181102103000,gcs7,105
20181102175000,tsdn-svr1,214
20181102223000,hadoop03,1
20181102224000,dn02,1
20181102225000,gcs7,105
20181102141000,platform2,1418
20181102145000,gcs3,3
20181103084000,dn03,1
20181102164000,ans41,46
20181103025000,hadoop04,1
20181102134000,hadoop03,1
20181102135000,KVMHost02,4
20181103092000,tsdn-svr1,69
20181103092000,hadoop02,1
20181103093000,gcs2,3
20181103080000,DB-01,6
20181103035000,ans41,46
20181103043000,KVMHost01,1
20181102171000,hadoop03,1
20181102174000,dn03,1
20181102085000,KVMHost02,4
20181102184000,gcs3,3
20181103032000,KVMHost02,19
20181103035000,DB-01,1
20181102230000,gcs6,27
20181102235000,gcs1,4339
20181102235000,gcs5,6
20181102102000,hadoop03,1
20181103021000,dn02,1
20181103010000,tsdn-svr1,321
20181102115000,ans41,46
20181103015000,gcs4,3
20181102205000,hadoop04,1
20181102150000,tsdn-svr1,543
20181102160000,gcs7,135
20181102211000,ans41,46
20181102215000,dn03,1
20181103052000,gcs6,3
20181102131000,hadoop01,1
20181103065000,KVMHost01,1
20181102222000,gcs1,4292
20181102174000,gcs5,3
20181102175000,tsdn-db,288
20181102160000,hadoop04,6
20181102165000,hadoop02,1
20181102195000,KVMHost01,1
20181103045000,hadoop02,1
20181103073000,hadoop04,1
20181103075000,ans41,46
20181103010000,DB-01,9
20181103013000,gcs6,3
20181102225000,tsdn-db,160
20181103092000,dn02,1
20181102200000,dn02,6
20181102205000,platform2,1417
20181102081000,hadoop03,1
20181103042000,KVMHost01,1
20181102143000,platform2,1413
20181103025000,platform2,1417
20181103090000,platform2,1441
20181102191000,gcs2,3
20181102160000,dn02,6
20181102161000,hadoop03,1
20181102152000,tsdn-db,195
20181102154000,KVMHost02,8
20181102211000,gcs7,105
20181102213000,dn02,1
20181103005000,tsdn-db,162
20181102233000,KVMHost02,4
20181102233000,hadoop01,1
20181102231000,gcs2,3
20181102091000,gcs6,3
20181103063000,hadoop03,1
20181103064000,gcs1,4325
20181102110000,hadoop01,6
20181102111000,gcs4,3
20181102160000,tsdn-svr1,126
20181102191000,dn03,1
20181102141000,dn02,1
20181103030000,gcs4,30
20181102184000,dn03,1
20181103031000,hadoop04,1
20181103031000,KVMHost02,4
20181103034000,gcs7,112
20181102231000,KVMHost01,1
20181102235000,dn02,2
20181102101000,tsdn-db,153
20181102105000,DB-01,1
20181103061000,gcs6,3
20181102142000,platform2,1417
20181103031000,DB-01,1
20181102222000,DB-01,1
20181102201000,dn03,1
20181102203000,tsdn-db,145
20181102084000,platform2,1441
20181102164000,hadoop03,1
20181102115000,tsdn-db,146
20181103035000,gcs7,105
20181103071000,ans41,46
20181103065000,hadoop04,1
20181103044000,tsdn-svr1,262
20181103020000,gcs7,137
20181102161000,dn03,1
20181102125000,dn02,1
20181102130000,gcs1,4366
20181102132000,gcs3,3
20181102232000,gcs4,3
20181102232000,gcs3,3
20181102110000,KVMHost02,16
20181103042000,gcs5,3
20181103042000,tsdn-db,165
20181103005000,KVMHost01,1
20181102080000,dn03,5
20181103032000,gcs4,3
20181102190000,gcs4,27
20181102144000,dn03,1
20181102153000,gcs6,3
20181102133000,KVMHost02,4
20181102182000,tsdn-db,143
20181102183000,gcs6,3
20181102095000,dn02,1
20181102222000,gcs7,105
20181102224000,hadoop02,1
20181102112000,gcs7,105
20181103004000,hadoop01,1
20181102170000,tsdn-svr1,210
20181102144000,tsdn-svr1,86
20181102162000,hadoop02,1
20181103055000,dn03,1
20181103030000,DB-01,9
20181103033000,gcs3,10
20181103042000,gcs7,105
20181102093000,dn02,1
20181102215000,tsdn-svr1,220
20181103021000,gcs6,3
20181103011000,tsdn-svr1,207
20181103031000,gcs7,105
20181102100000,tsdn-svr1,95
20181102201000,gcs7,105
20181102094000,gcs7,105
20181103055000,gcs4,3
20181102122000,gcs7,105
20181102122000,gcs1,4325
20181103093000,gcs1,4292
20181103061000,platform2,1418
20181103070000,tsdn-db,182
20181102212000,hadoop02,1
20181102212000,gcs6,3
20181102215000,KVMHost01,1
20181102232000,tsdn-svr1,36
20181102235000,dn03,2
20181103000000,gcs1,4366
20181102091000,gcs5,3
20181102151000,gcs1,4344
20181102154000,hadoop01,1
20181102142000,hadoop01,1
20181103022000,gcs7,105
20181102131000,dn02,1
20181103082000,platform2,1418
20181103092000,platform2,1443
20181102233000,gcs5,3
20181103081000,KVMHost02,4
20181103082000,hadoop02,1
20181103083000,gcs6,3
20181103050000,gcs1,4366
20181103054000,hadoop01,1
20181103060000,hadoop02,6
20181103020000,gcs1,4366
20181103065000,hadoop03,1
20181102123000,platform2,1388
20181102124000,tsdn-svr1,181
20181102124000,dn03,1
20181102162000,platform2,1418
20181103072000,gcs7,105
20181103072000,tsdn-svr1,595
20181102211000,tsdn-svr1,367
20181102222000,hadoop01,1
20181102222000,hadoop04,1
20181102224000,KVMHost01,1
20181102225000,gcs3,3
20181103062000,gcs3,3
20181103062000,platform2,1417
20181102190000,gcs2,27
20181102200000,hadoop01,6
20181103041000,ans41,46
20181103044000,gcs6,3
20181103045000,hadoop04,1
20181103045000,tsdn-svr1,254
20181102121000,platform2,1442
20181102125000,dn03,1
20181102202000,gcs1,4292
20181102171000,tsdn-db,151
20181102173000,ans41,46
20181103002000,dn03,1
20181103010000,hadoop01,9
20181102230000,platform2,1412
20181102135000,gcs4,3
20181102222000,KVMHost02,8
20181102172000,platform2,1425
20181102174000,hadoop01,1
20181102110000,gcs5,24
20181102113000,hadoop04,1
20181103060000,gcs1,4399
20181103061000,gcs2,3
20181103072000,gcs5,3
20181103072000,KVMHost01,1
20181103090000,KVMHost01,6
20181102192000,dn02,1
20181103000000,tsdn-svr1,200
20181102235000,gcs7,108
20181102104000,hadoop02,1
20181102184000,gcs7,105
20181102231000,hadoop01,1
20181102235000,KVMHost01,2
20181103034000,dn03,1
20181102090000,gcs1,4383
20181102201000,platform2,1418
20181102202000,DB-01,1
20181103080000,KVMHost01,6
20181102192000,KVMHost02,8
20181103003000,hadoop02,1
20181103075000,dn03,1
20181103014000,KVMHost02,8
20181102144000,tsdn-db,148
20181102163000,dn02,1
20181103062000,KVMHost02,8
20181102132000,gcs2,3
20181102134000,tsdn-svr1,314
20181103093000,platform2,1417
20181103073000,KVMHost02,4
20181103062000,gcs4,3
20181103063000,gcs4,3
20181102202000,KVMHost01,1
20181102213000,gcs7,105
20181102214000,platform2,1417
20181102170000,DB-01,6
20181102162000,dn03,1
20181102124000,DB-01,1
20181102125000,gcs3,3
20181103011000,gcs4,3
20181103015000,ans41,46
20181102094000,ans41,46
20181103021000,KVMHost01,1
20181103022000,gcs5,3
20181102225000,gcs6,3
20181103001000,gcs1,4324
20181102192000,gcs4,3
20181102125000,hadoop02,1
20181103071000,gcs1,4326
20181103072000,platform2,1417
20181103075000,hadoop03,1
20181102231000,gcs7,105
20181103091000,tsdn-svr1,166
20181102201000,gcs6,3
20181102214000,gcs6,3
20181103065000,hadoop02,1
20181103020000,dn03,9
20181103071000,gcs6,3
20181103043000,gcs4,3
20181103025000,ans41,46
20181103034000,tsdn-svr1,102
20181102122000,gcs5,3
20181103090000,KVMHost02,16
20181102213000,KVMHost01,1
20181102214000,gcs7,105
20181102182000,gcs1,4292
20181102184000,gcs2,3
20181102133000,hadoop01,1
20181103021000,hadoop02,1
20181102235000,DB-01,2
20181102105000,gcs7,105
20181102201000,hadoop02,1
20181102203000,hadoop02,1
20181102145000,tsdn-svr1,238
20181103083000,hadoop02,1
20181103071000,gcs4,3
20181103071000,dn02,1
20181103030000,tsdn-svr1,101
20181102191000,gcs1,4298
20181102192000,gcs2,3
20181102192000,hadoop02,1
20181102094000,hadoop03,1
20181102081000,ans41,46
20181102085000,hadoop02,1
20181102105000,hadoop04,1
20181103053000,hadoop04,1
20181103083000,hadoop03,1
20181103084000,KVMHost02,8
20181102163000,DB-01,1
20181103005000,ans41,46
20181102142000,gcs7,105
20181102212000,KVMHost02,8
20181103032000,dn03,18
20181103034000,KVMHost02,8
20181103043000,hadoop03,1
20181103022000,hadoop03,1
20181102094000,dn02,1
20181102095000,platform2,1441
20181102221000,ans41,46
20181102172000,gcs6,3
20181102114000,gcs6,3
20181103075000,tsdn-db,157
20181102191000,hadoop03,1
20181103084000,DB-01,1
20181102162000,ans41,46
20181102230000,tsdn-svr1,395
20181102234000,gcs1,4292
20181103053000,platform2,1388
20181102152000,gcs7,105
20181102182000,hadoop01,1
20181102170000,platform2,1430
20181102080000,DB-01,5
20181102090000,platform2,1412
20181103074000,tsdn-svr1,142
20181102191000,gcs4,3
20181102160000,hadoop01,6
20181102164000,gcs4,3
20181102122000,gcs2,3
20181103011000,DB-01,1
20181103012000,ans41,47
20181102232000,KVMHost02,8
20181102234000,hadoop03,1
20181102101000,KVMHost01,1
20181103033000,tsdn-db,163
20181102220000,hadoop01,6
20181102132000,platform2,1441
20181103002000,gcs4,3
20181103005000,hadoop03,1
20181102093000,ans41,46
20181103091000,platform2,1388
20181103040000,tsdn-db,169
20181103044000,DB-01,1
20181102145000,ans41,46
20181103064000,hadoop03,1
20181103010000,ans41,60
20181103014000,DB-01,1
20181103084000,KVMHost01,1
20181103055000,KVMHost02,4
20181102195000,tsdn-svr1,10793
20181102123000,DB-01,1
20181103025000,DB-01,1
20181102091000,KVMHost01,1
20181102092000,gcs5,3
20181102093000,gcs7,105
20181102093000,gcs1,4325
20181102221000,hadoop01,1
20181102222000,dn02,1
20181102224000,tsdn-db,162
20181102210000,platform2,1413
20181102173000,gcs2,3
20181102080000,gcs1,4070
20181102085000,dn03,1
20181103083000,DB-01,1
20181102140000,platform2,1412
20181102142000,dn03,1
20181103061000,dn02,1
20181103065000,gcs3,3
20181103072000,dn03,1
20181102150000,dn02,6
20181103053000,hadoop02,1
20181103055000,hadoop01,1
20181103042000,gcs1,4325
20181102131000,gcs5,3
20181102131000,KVMHost02,7
20181102135000,gcs7,105
20181103002000,platform2,1417
20181102093000,gcs5,3
20181102093000,dn03,1
20181102095000,KVMHost02,4
20181102224000,gcs6,3
20181102172000,dn02,1
20181102180000,tsdn-db,155
20181102080000,hadoop01,5
20181102082000,tsdn-svr1,198
20181102083000,tsdn-svr1,229
20181102204000,gcs5,3
20181102233000,hadoop04,1
20181103000000,hadoop04,9
20181102150000,hadoop02,6
20181102130000,hadoop03,6
20181103024000,DB-01,1
20181102104000,KVMHost02,8
20181102213000,DB-01,1
20181103004000,KVMHost01,1
20181102091000,dn03,1
20181102223000,gcs1,4292
20181102200000,gcs1,4376
20181102084000,gcs7,105
20181102215000,DB-01,1
20181102153000,tsdn-db,146
20181102154000,gcs3,3
20181103081000,hadoop02,1
20181102165000,gcs5,3
20181102141000,hadoop01,1
20181102142000,gcs5,3
20181102184000,hadoop01,1
20181102185000,platform2,1418
20181102185000,gcs6,3
20181103053000,ans41,47
20181103092000,KVMHost02,8
20181102083000,gcs1,4292
20181102190000,KVMHost02,16
20181103060000,dn02,6
20181103065000,KVMHost02,4
20181103065000,gcs1,4294
20181103011000,gcs6,3
20181102141000,gcs7,105
20181102143000,tsdn-svr1,127
20181102152000,hadoop04,1
20181102153000,gcs1,4327
20181102114000,tsdn-db,146
20181103043000,hadoop02,1
20181102182000,gcs7,105
20181102184000,hadoop03,1
20181102100000,hadoop03,6
20181102231000,gcs1,4293
20181102102000,KVMHost01,1
20181103022000,hadoop04,1
20181103023000,hadoop03,1
20181102214000,dn03,1
20181103063000,hadoop02,1
20181102144000,gcs5,3
20181102145000,hadoop02,1
20181103012000,KVMHost01,1
20181103013000,KVMHost01,1
20181103015000,hadoop04,1
20181103082000,KVMHost01,1
20181103083000,KVMHost02,4
20181103084000,tsdn-svr1,292
20181103090000,hadoop03,6
20181102185000,KVMHost02,4
20181102235000,gcs6,6
20181103040000,hadoop01,6
20181102154000,dn02,1
20181102155000,hadoop01,1
20181103074000,gcs2,3
20181103074000,hadoop03,1
20181102121000,hadoop02,1
20181102123000,dn03,1
20181103021000,hadoop04,1
20181103023000,hadoop01,1
20181103042000,KVMHost02,8
20181102222000,gcs3,3
20181102212000,gcs5,3
20181103073000,dn03,1
20181102080000,hadoop04,5
20181102081000,gcs7,105
20181102085000,gcs6,3
20181103085000,platform2,1418
20181103085000,dn03,1
20181102140000,gcs7,135
20181102130000,gcs3,27
20181103003000,dn03,1
20181102104000,hadoop04,1
20181102105000,KVMHost02,4
20181102183000,dn02,1
20181103090000,DB-01,6
20181102232000,platform2,1417
20181102194000,hadoop04,1
20181102210000,gcs6,27
20181102145000,platform2,1417
20181103031000,hadoop02,1
20181102224000,hadoop04,1
20181103013000,hadoop04,1
20181102175000,gcs3,3
20181103041000,platform2,1417
20181103041000,tsdn-db,159
20181103055000,platform2,1442
20181103023000,ans41,46
20181102162000,tsdn-svr1,323
20181102141000,dn03,1
20181102143000,KVMHost01,1
20181102144000,gcs6,3
20181102172000,gcs5,3
20181102091000,gcs1,4406
20181102111000,gcs1,4326
20181103074000,gcs3,3
20181102122000,gcs4,3
20181103041000,DB-01,1
20181103042000,gcs4,3
20181102155000,tsdn-svr1,221
20181103031000,hadoop03,1
20181103051000,hadoop01,1
20181103052000,hadoop03,1
20181103052000,gcs4,3
20181102133000,platform2,1388
20181102090000,tsdn-svr1,233
20181102090000,dn02,6
20181103011000,KVMHost01,1
20181103015000,DB-01,1
20181102203000,gcs1,4292
20181102192000,hadoop04,1
20181102220000,gcs7,135
20181103053000,KVMHost01,1
20181103053000,dn02,1
20181102145000,dn02,1
20181102124000,tsdn-db,149
20181103002000,tsdn-svr1,151
20181103004000,ans41,47
20181103005000,gcs2,3
20181102225000,hadoop03,1
20181102184000,KVMHost02,8
20181102235000,tsdn-svr1,159
20181103032000,hadoop02,1
20181102204000,gcs2,3
20181102173000,DB-01,1
20181102115000,hadoop03,1
20181102194000,dn03,1
20181103000000,gcs3,29
20181103014000,ans41,46
20181103020000,gcs3,29
20181103063000,ans41,46
20181103021000,tsdn-svr1,152
20181103024000,hadoop03,1
20181103024000,platform2,1418
20181102103000,gcs4,3
20181102181000,DB-01,1
20181102183000,hadoop03,1
20181102185000,tsdn-db,146
20181103091000,gcs1,4326
20181102211000,gcs5,3
20181103014000,tsdn-db,158
20181102125000,gcs7,105
20181102230000,hadoop04,6
20181103085000,gcs1,4325
20181103025000,gcs3,3
20181102182000,tsdn-svr1,423
20181102110000,gcs3,27
20181102112000,hadoop04,1
20181102114000,gcs4,3
20181103033000,gcs2,3
20181103034000,tsdn-db,161
20181103071000,tsdn-db,158
20181103072000,hadoop01,1
20181103003000,hadoop03,1
20181102222000,gcs2,3
20181102102000,platform2,1417
20181103092000,gcs7,105
20181102171000,dn03,1
20181102081000,dn02,1
20181103052000,DB-01,1
20181103044000,gcs7,105
20181103021000,gcs1,4293
20181102140000,hadoop03,6
20181102132000,KVMHost01,1
20181103092000,dn03,1
20181102211000,hadoop03,1
20181102191000,hadoop01,1
20181102121000,ans41,46
20181102125000,hadoop03,1
20181103060000,gcs7,135
20181103070000,gcs4,27
20181103020000,hadoop01,9
20181102184000,dn02,1
20181102100000,DB-01,6
20181102102000,gcs6,3
20181102161000,gcs7,107
20181102213000,gcs1,4320
20181102152000,gcs3,3
20181102224000,dn03,1
20181102094000,platform2,1418
20181102145000,gcs7,105
20181103044000,hadoop02,1
20181103085000,gcs4,3
20181102114000,gcs1,4292
20181103093000,gcs7,105
20181102140000,gcs5,24
20181102221000,gcs2,3
20181102223000,KVMHost02,4
20181103093000,hadoop04,1
20181102124000,dn02,1
20181103035000,hadoop03,1
20181102162000,gcs4,3
20181102170000,gcs4,27
20181102095000,hadoop02,1
20181103041000,dn02,1
20181103022000,tsdn-svr1,242
20181103052000,KVMHost01,1
20181103054000,platform2,1417
20181103055000,gcs2,3
20181102194000,gcs4,3
20181102195000,tsdn-db,143
20181103005000,gcs6,3
20181102082000,gcs6,3
20181102110000,gcs2,27
20181103013000,gcs7,105
20181103080000,gcs3,27
20181103085000,hadoop03,1
20181103075000,gcs6,3
20181102095000,tsdn-svr1,216
20181102140000,hadoop04,6
20181102222000,KVMHost01,1
20181102225000,hadoop04,1
20181103025000,tsdn-db,157
20181103091000,gcs6,3
20181103030000,gcs6,30
20181103063000,hadoop04,1
20181103070000,gcs3,27
20181102170000,hadoop03,6
20181102170000,gcs6,27
20181102081000,tsdn-svr1,80
20181103010000,gcs3,29
20181103013000,gcs3,3
20181102182000,DB-01,1
20181103002000,KVMHost01,1
20181102091000,gcs7,105
20181102091000,hadoop02,1
20181102100000,tsdn-db,155
20181103035000,gcs5,3
20181102150000,platform2,1413
20181102150000,gcs2,27
20181102153000,tsdn-svr1,80
20181103055000,tsdn-db,157
20181102223000,dn03,1
20181102215000,gcs2,3
20181102165000,tsdn-svr1,211
20181103033000,KVMHost02,4
20181102170000,gcs7,135
20181102082000,gcs5,3
20181103005000,dn02,1
20181102130000,gcs2,27
20181102144000,hadoop04,1
20181102220000,hadoop04,6
20181102225000,gcs1,4296
20181102105000,dn03,1
20181102135000,gcs3,3
20181102233000,dn02,1
20181102220000,dn02,6
20181103064000,dn03,1
20181102105000,hadoop03,1
20181102095000,gcs3,3
20181102095000,hadoop04,1
20181102113000,hadoop01,1
20181102174000,dn02,1
20181102175000,KVMHost01,1
20181103003000,KVMHost01,1
20181102194000,gcs6,3
20181102191000,KVMHost02,4
20181102223000,hadoop01,1
20181102171000,DB-01,1
20181102205000,gcs5,3
20181102152000,gcs1,4360
20181103011000,dn03,1
20181103014000,gcs3,3
20181103015000,gcs7,105
20181103030000,gcs1,4366
20181103030000,KVMHost01,9
20181102110000,ans41,57
20181102093000,DB-01,1
20181103091000,gcs3,3
20181103091000,ans41,46
20181102150000,tsdn-db,157
20181102222000,gcs6,3
20181103064000,gcs3,3
20181102093000,gcs4,3
20181102095000,dn03,1
20181103080000,hadoop01,6
20181103080000,tsdn-db,169
20181102120000,gcs4,27
20181103011000,gcs3,3
20181102080000,platform2,1355
20181102080000,gcs3,5
20181103081000,hadoop04,1
20181103025000,tsdn-svr1,455
20181102180000,gcs7,135
20181102104000,gcs4,3
20181102220000,KVMHost02,16
20181102222000,tsdn-svr1,230
20181102223000,gcs4,3
20181103070000,gcs5,24
20181103080000,hadoop04,6
20181103083000,gcs5,3
20181103090000,gcs1,4366
20181103054000,dn03,1
20181102142000,tsdn-db,252
20181103021000,hadoop01,1
20181102132000,hadoop02,1
20181102194000,hadoop01,1
20181103000000,dn02,9
20181103010000,KVMHost01,9
20181103031000,gcs2,3
20181103060000,KVMHost02,16
20181103061000,hadoop02,1
20181102180000,dn02,6
20181103043000,gcs6,3
20181103023000,DB-01,1
20181103052000,hadoop01,1
20181102113000,KVMHost02,4
20181102170000,hadoop02,6
20181102082000,gcs3,3
20181103034000,gcs6,3
20181102154000,ans41,46
20181102212000,KVMHost01,1
20181102214000,gcs5,3
20181102220000,gcs6,27
20181102182000,KVMHost01,1
20181102182000,gcs6,3
20181102141000,gcs6,3
20181102143000,dn03,1
20181102144000,ans41,46
20181103023000,KVMHost02,4
20181103024000,tsdn-svr1,71
20181103024000,tsdn-db,158
20181103024000,gcs6,3
20181103041000,dn03,1
20181102193000,KVMHost01,1
20181102172000,gcs1,4325
20181103014000,dn02,1
20181102211000,platform2,1417
20181103041000,hadoop04,1
20181102181000,ans41,46
20181103061000,KVMHost01,1
20181103053000,tsdn-svr1,136
20181103053000,gcs3,3
20181102170000,hadoop01,6
20181103043000,gcs5,3
20181103050000,gcs6,27
20181102213000,gcs3,3
20181103032000,hadoop01,1
20181102160000,DB-01,6
20181102183000,platform2,1389
20181102160000,ans41,57
20181102134000,hadoop01,1
20181102203000,KVMHost02,4
20181102210000,gcs5,24
20181102210000,gcs4,27
20181102173000,dn02,1
20181102145000,gcs2,3
20181102131000,hadoop02,1
20181102134000,ans41,46
20181103000000,tsdn-db,172
20181102104000,hadoop01,1
20181102115000,hadoop02,1
20181103074000,ans41,46
20181103031000,dn03,1
20181103051000,hadoop03,1
20181103052000,KVMHost02,8
20181102180000,ans41,57
20181102213000,gcs2,3
20181102231000,gcs3,3
20181102234000,hadoop01,1
20181102104000,ans41,46
20181103060000,DB-01,6
20181103064000,gcs7,105
20181103064000,tsdn-db,159
20181102155000,DB-01,1
20181102170000,gcs3,27
20181103020000,hadoop04,9
20181103020000,gcs6,29
20181103023000,KVMHost01,1
20181103082000,dn02,1
20181103041000,gcs1,4293
20181103015000,platform2,1488
20181102212000,ans41,46
20181102143000,gcs2,3
20181102203000,hadoop04,1
20181102111000,gcs6,3
20181102113000,gcs2,3
20181103072000,tsdn-db,161
20181103073000,tsdn-db,157
20181102090000,gcs4,27
20181103065000,hadoop01,1
20181103043000,hadoop01,1
20181102210000,gcs2,27
20181102201000,gcs4,3
20181102205000,gcs1,4296
20181102205000,KVMHost02,4
20181102155000,gcs6,3
20181103093000,hadoop01,1
20181102221000,dn02,1
20181102223000,ans41,46
20181103084000,tsdn-db,156
20181102080000,ans41,57
20181102084000,KVMHost02,8
20181103012000,hadoop03,1
20181102201000,KVMHost02,4
20181102213000,tsdn-svr1,82
20181102141000,hadoop03,1
20181103071000,hadoop02,1
20181102235000,hadoop02,2
20181103023000,platform2,1388
20181103063000,platform2,1388
20181102170000,tsdn-db,263
20181102082000,tsdn-db,149
20181102083000,platform2,1418
20181103011000,gcs5,3
20181102230000,ans41,57
20181102161000,platform2,1417
20181103052000,gcs3,3
20181102101000,hadoop03,1
20181103083000,gcs4,3
20181103084000,hadoop02,1
20181102225000,tsdn-svr1,144
20181102114000,hadoop01,1
20181102114000,gcs2,3
20181103073000,gcs5,3
20181102204000,gcs6,3
20181102205000,hadoop02,1
20181102173000,tsdn-db,195
20181102180000,KVMHost02,16
20181102093000,KVMHost02,4
20181103073000,hadoop01,1
20181102190000,DB-01,6
20181103020000,tsdn-db,166
20181103062000,gcs1,4325
20181103035000,gcs1,4296
20181102234000,gcs2,3
20181102104000,gcs3,3
20181102110000,platform2,1437
20181102162000,gcs2,3
20181102222000,hadoop02,1
20181102141000,tsdn-db,149
20181102141000,KVMHost01,1
20181102190000,dn03,6
20181102195000,DB-01,1
20181102231000,hadoop03,1
20181103000000,platform2,1414
20181103040000,gcs1,4397
20181103010000,hadoop04,9
20181103061000,hadoop04,1
20181102201000,ans41,46
20181102180000,gcs1,4394
20181102090000,hadoop03,6
20181102184000,hadoop04,1
20181102190000,hadoop04,6
20181103000000,hadoop03,9
20181103010000,tsdn-db,166
20181103011000,hadoop04,1
20181102150000,dn03,6
20181102150000,hadoop03,6
20181102090000,gcs5,24
20181103002000,hadoop03,1
20181102212000,dn03,1
20181103071000,hadoop03,1
20181103071000,hadoop01,1
20181103033000,gcs6,10
20181103042000,DB-01,1
20181103044000,hadoop01,1
20181103045000,gcs6,3
20181103050000,gcs7,135
20181103065000,gcs4,3
20181102231000,gcs6,3
20181102193000,dn03,1
20181103072000,gcs3,3
20181102162000,hadoop04,1
20181102163000,hadoop04,1
20181102133000,DB-01,1
20181102102000,KVMHost02,8
20181102103000,KVMHost02,4
20181102111000,dn02,1
20181102112000,tsdn-svr1,76
20181102093000,platform2,1388
20181102095000,gcs6,3
20181103093000,dn03,1
20181102171000,dn02,1
20181102174000,gcs6,3
20181102174000,DB-01,1
20181103022000,KVMHost01,1
20181103063000,gcs1,4290
20181102200000,gcs6,27
20181102093000,tsdn-svr1,186
20181102230000,gcs3,27
20181102230000,KVMHost01,6
20181102142000,tsdn-svr1,284
20181102181000,dn02,1
20181102235000,gcs2,6
20181102235000,gcs3,6
20181102162000,hadoop01,1
20181102165000,dn02,1
20181103045000,gcs7,105
20181102155000,hadoop02,1
20181103001000,gcs2,3
20181103001000,hadoop03,1
20181102135000,DB-01,1
20181102190000,gcs7,135
20181102233000,KVMHost01,1
20181102235000,gcs4,6
20181103000000,gcs4,29
20181103001000,tsdn-db,157
20181103082000,tsdn-db,157
20181102200000,gcs2,27
20181103050000,platform2,1412
20181102154000,platform2,1441
20181102155000,KVMHost01,1
20181103031000,gcs6,3
20181103034000,hadoop01,1
20181103051000,hadoop04,1
20181102213000,hadoop02,1
20181102114000,KVMHost01,1
20181102132000,gcs6,3
20181102092000,tsdn-svr1,156
20181102092000,ans41,46
20181102114000,ans41,46
20181103093000,DB-01,1
20181102225000,gcs2,3
20181103023000,gcs6,3
20181103023000,gcs3,3
20181103025000,gcs7,105
20181102083000,gcs5,3
20181102130000,hadoop04,6
20181102133000,gcs1,4296
20181103052000,dn02,1
20181102231000,DB-01,1
20181102234000,dn03,1
20181102235000,hadoop01,2
20181103060000,gcs2,27
20181103020000,hadoop02,9
20181103021000,gcs7,105
20181103024000,ans41,47
20181102144000,hadoop01,1
20181103091000,gcs2,3
20181102224000,gcs2,3
20181102212000,platform2,1417
20181102212000,gcs7,105
20181102171000,hadoop04,1
20181102175000,hadoop03,1
20181103054000,gcs7,105
20181102155000,hadoop04,1
20181102155000,dn02,1
20181102163000,gcs2,3
20181102163000,gcs7,105
20181103002000,gcs3,3
20181103003000,gcs2,3
20181103003000,gcs7,105
20181102130000,DB-01,6
20181102203000,hadoop01,1
20181102111000,ans41,46
20181103080000,gcs4,27
20181103083000,gcs3,3
20181103051000,dn02,1
20181103060000,hadoop04,6
20181102140000,gcs3,27
20181103033000,platform2,1394
20181103093000,gcs5,3
20181102220000,dn03,6
20181103061000,DB-01,1
20181102195000,gcs6,3
20181102082000,dn03,1
20181103011000,dn02,1
20181102230000,gcs1,4399
20181102125000,ans41,46
20181103025000,hadoop02,1
20181102185000,gcs3,3
20181102234000,hadoop04,1
20181102130000,ans41,57
20181102133000,hadoop04,1
20181102134000,KVMHost02,9
20181102200000,hadoop03,6
20181102212000,dn02,1
20181102110000,hadoop03,6
20181102112000,platform2,1418
20181102113000,DB-01,1
20181102115000,gcs3,3
20181103021000,ans41,46
20181102095000,gcs5,3
20181102130000,gcs6,27
20181102105000,tsdn-svr1,90
20181103033000,KVMHost01,1
20181102155000,ans41,46
20181102182000,platform2,1417
20181103002000,ans41,47
20181103004000,gcs7,105
20181102153000,gcs7,105
20181102104000,tsdn-db,157
20181102105000,hadoop01,1
20181102140000,KVMHost01,6
20181102141000,ans41,46
20181103062000,hadoop01,1
20181102153000,dn02,1
20181103012000,tsdn-db,155
20181103040000,gcs7,135
20181102095000,gcs1,4392
20181103050000,tsdn-svr1,153
20181103054000,gcs2,3
20181103054000,gcs1,4292
20181102120000,gcs2,27
20181102202000,gcs2,3
20181103075000,dn02,1
20181102114000,KVMHost02,8
20181102132000,dn02,1
20181102134000,gcs1,4325
20181103021000,KVMHost02,4
20181103025000,hadoop01,1
20181103030000,hadoop04,9
20181102083000,tsdn-db,143
20181103012000,hadoop04,1
20181102191000,hadoop02,1
20181102140000,tsdn-svr1,99
20181102160000,dn03,6
20181102163000,gcs1,4325
20181102111000,tsdn-svr1,214
20181102115000,dn02,1
20181102105000,gcs3,3
20181102105000,gcs5,3
20181103082000,gcs2,3
20181102200000,hadoop04,6
20181102180000,hadoop01,6
20181103065000,dn02,1
20181103070000,hadoop04,6
20181103074000,hadoop04,1
20181102112000,KVMHost02,8
20181102124000,gcs3,5
20181102133000,gcs3,3
20181103022000,KVMHost02,8
20181103090000,gcs7,135
20181103093000,dn02,1
20181102165000,gcs6,5
20181103004000,tsdn-svr1,232
20181102102000,gcs1,4335
20181102201000,gcs1,4326
20181102214000,gcs3,3
20181102120000,tsdn-db,155
20181103063000,dn03,1
20181103070000,dn02,6
20181103000000,hadoop02,9
20181102153000,hadoop04,1
20181102144000,gcs2,3
20181103044000,platform2,1423
20181102164000,tsdn-svr1,320
20181102100000,gcs4,27
20181103073000,gcs1,4325
20181103083000,dn03,1
20181103085000,gcs7,105
20181102233000,gcs4,3
20181102081000,tsdn-db,146
20181102160000,hadoop03,6
20181102162000,DB-01,1
20181102191000,tsdn-db,146
20181102191000,DB-01,1
20181102151000,hadoop02,1
20181102143000,gcs6,3
20181103043000,dn03,1
20181103045000,platform2,1418
20181102131000,KVMHost01,1
20181102111000,KVMHost02,4
20181102231000,gcs4,3
20181102101000,gcs6,3
20181102205000,tsdn-svr1,87
20181102081000,gcs1,4293
20181102084000,KVMHost01,1
20181103070000,hadoop02,6
20181103005000,gcs4,3
20181102191000,gcs6,3
20181103031000,hadoop01,1
20181103034000,ans41,46
20181103035000,gcs4,3
20181103040000,tsdn-svr1,245
20181102153000,gcs4,3
20181102155000,platform2,1418
20181102142000,hadoop03,1
20181102124000,ans41,46
20181103042000,gcs3,3
20181103083000,gcs1,4292
20181102183000,hadoop02,1
20181102080000,KVMHost02,12
20181102084000,dn02,1
20181103011000,KVMHost02,4
20181103013000,ans41,46
20181103061000,hadoop01,1
20181102212000,DB-01,1
20181102221000,DB-01,1
20181102151000,tsdn-db,147
20181103043000,gcs7,105
20181103055000,gcs6,3
20181102115000,hadoop01,1
20181102205000,ans41,46
20181102213000,tsdn-db,149
20181102230000,dn02,6
20181102141000,hadoop04,1
20181102234000,KVMHost01,1
20181102131000,gcs3,3
20181103041000,KVMHost01,1
20181102105000,gcs1,4325
20181103031000,ans41,48
20181103032000,tsdn-db,161
20181103033000,gcs5,3
20181102181000,gcs5,3
20181102182000,dn03,1
20181102192000,KVMHost01,1
20181102171000,hadoop02,1
20181102084000,gcs5,3
20181103061000,tsdn-db,160
20181103064000,tsdn-svr1,320
20181103013000,tsdn-svr1,96
20181103014000,platform2,1487
20181102232000,gcs6,3
20181103075000,gcs2,3
20181102200000,DB-01,6
20181102080000,gcs4,5
20181102090000,gcs7,135
20181102100000,gcs2,27
20181102213000,gcs6,3
20181102153000,gcs3,3
20181102131000,hadoop04,1
20181102134000,platform2,1418
20181103053000,gcs2,3
20181102112000,gcs2,3
20181102114000,dn02,1
20181102181000,hadoop02,1
20181102103000,gcs5,3
20181102140000,gcs2,27
20181102145000,KVMHost02,4
20181102145000,hadoop01,1
20181103060000,gcs5,24
20181103064000,gcs5,3
20181103020000,KVMHost02,18
20181102092000,gcs4,3
20181102083000,hadoop01,1
20181102215000,gcs3,3
20181102162000,dn02,1
20181102195000,hadoop03,1
20181102122000,tsdn-db,151
20181103044000,dn03,1
20181102182000,dn02,1
20181103074000,gcs4,3
20181102134000,DB-01,1
20181102232000,gcs5,3
20181102232000,hadoop01,1
20181102103000,ans41,46
20181102081000,gcs6,3
20181103045000,gcs4,3
20181103033000,hadoop03,1
20181102193000,gcs6,3
20181102115000,KVMHost01,1
20181103075000,platform2,1417
20181102145000,tsdn-db,149
20181102133000,tsdn-db,292
20181102171000,ans41,46
20181102173000,gcs5,3
20181102090000,DB-01,6
20181102125000,platform2,1418
20181103025000,gcs4,3
20181103084000,gcs1,4292
20181103084000,dn02,1
20181103063000,DB-01,1
20181102164000,tsdn-db,149
20181102165000,gcs1,4325
20181102114000,hadoop02,1
20181102094000,gcs3,3
20181102095000,hadoop03,1
20181103070000,hadoop03,6
20181103071000,DB-01,1
20181102224000,tsdn-svr1,106
20181102102000,ans41,46
20181102153000,platform2,1388
20181102155000,gcs4,3
20181103054000,gcs5,3
20181102181000,gcs3,3
20181103003000,gcs1,4292
20181103003000,platform2,1389
20181103083000,ans41,46
20181102172000,ans41,47
20181102174000,KVMHost02,8
20181102144000,platform2,1417
20181102082000,gcs7,105
20181102215000,hadoop02,1
20181102203000,hadoop03,1
20181102204000,KVMHost01,1
20181103021000,gcs4,3
20181102112000,gcs3,3
20181102090000,hadoop04,6
20181102094000,KVMHost02,8
20181102100000,gcs3,27
20181102172000,tsdn-svr1,52
20181103063000,gcs3,3
20181102145000,hadoop03,1
20181102191000,KVMHost01,1
20181103041000,gcs7,105
20181102182000,hadoop02,1
20181102184000,hadoop02,1
20181103011000,tsdn-db,161
20181102110000,gcs1,4366
20181102112000,gcs4,3
20181102171000,gcs3,3
20181102093000,gcs3,3
20181102080000,hadoop02,5
20181102085000,platform2,1418
20181103040000,hadoop02,6
20181103023000,gcs1,4292
20181102220000,hadoop03,6
20181103001000,ans41,47
20181102195000,gcs3,3
20181103082000,hadoop01,1
20181102230000,KVMHost02,16
20181102143000,hadoop01,1
20181102181000,hadoop03,1
20181103052000,dn03,1
20181103022000,hadoop01,1
20181103042000,hadoop02,1
20181102110000,KVMHost01,6
20181102115000,gcs4,5
20181103054000,hadoop02,1
20181102090000,KVMHost01,6
20181102235000,hadoop03,2
20181102081000,gcs2,3
20181102185000,gcs2,3
20181102143000,ans41,46
20181103090000,tsdn-db,167
20181102161000,tsdn-svr1,60
20181102220000,DB-01,6
20181102224000,gcs3,3
20181102103000,hadoop03,1
20181102105000,gcs4,3
20181103003000,tsdn-svr1,90
20181102194000,tsdn-svr1,10568
20181102123000,KVMHost02,4
20181102124000,hadoop04,1
20181103061000,gcs3,3
20181102225000,platform2,1418
20181103030000,gcs5,27
20181102142000,gcs2,3
20181102202000,platform2,1441
20181103084000,hadoop03,1
20181102182000,gcs4,3
20181102152000,hadoop02,1
20181102131000,dn03,1
20181102132000,gcs1,4292
20181102134000,hadoop02,1
20181103021000,gcs5,3
20181103024000,gcs5,3
20181103003000,hadoop04,1
20181102100000,gcs6,27
20181102110000,gcs7,135
20181102110000,hadoop02,6
20181103005000,gcs7,105
20181103081000,gcs5,3
20181103084000,gcs3,3
20181103084000,ans41,46
20181103050000,KVMHost01,6
20181102084000,tsdn-db,149
20181103093000,hadoop02,1
20181102130000,gcs4,27
20181103062000,dn02,1
20181103070000,hadoop01,6
20181103012000,gcs5,3
20181103015000,KVMHost01,1
20181103020000,gcs5,26
20181102210000,DB-01,6
20181102211000,hadoop04,1
20181103043000,ans41,47
20181102152000,gcs4,3
20181102161000,dn02,1
20181102200000,ans41,57
20181102132000,DB-01,1
20181103074000,gcs1,4292
20181102174000,gcs2,3
20181102083000,gcs2,3
20181102085000,hadoop01,1
20181102151000,tsdn-svr1,128
20181103061000,ans41,46
20181103063000,KVMHost01,1
20181102203000,KVMHost01,1
20181102210000,gcs1,4399
20181102162000,gcs6,3
20181102163000,platform2,1388
20181103044000,tsdn-db,159
20181103091000,hadoop01,1
20181103022000,gcs6,3
20181103022000,dn02,1
20181102090000,dn03,6
20181102094000,gcs4,3
20181102085000,gcs1,4323
20181103010000,gcs1,4389
20181102203000,dn03,1
20181102204000,dn03,1
20181103063000,dn02,1
20181103082000,KVMHost02,8
20181103004000,gcs4,3
20181102130000,tsdn-db,158
20181102130000,hadoop02,6
20181102100000,gcs7,135
20181102103000,DB-01,1
20181102180000,gcs6,27
20181103025000,KVMHost01,1
20181103083000,platform2,1417
20181103032000,KVMHost01,1
20181102191000,ans41,46
20181102124000,gcs7,105
20181102131000,ans41,46
20181102132000,gcs7,105
20181102200000,gcs4,27
20181102121000,tsdn-svr1,63
20181102201000,tsdn-svr1,120
20181102100000,KVMHost01,6
20181102214000,tsdn-svr1,292
20181102161000,gcs3,3
20181102164000,hadoop01,1
20181103090000,gcs6,27
20181103053000,DB-01,1
20181103060000,gcs6,27
20181103013000,gcs4,3
20181102233000,gcs6,3
20181102125000,DB-01,1
20181102080000,gcs5,5
20181103091000,KVMHost01,1
20181103093000,tsdn-svr1,223
20181103002000,gcs2,3
20181103084000,platform2,1388
20181102095000,gcs7,105
20181102162000,gcs3,3
20181103012000,gcs1,4292
20181103012000,KVMHost02,8
20181103063000,gcs2,3
20181103071000,gcs3,3
20181103073000,KVMHost01,1
20181102223000,platform2,1388
20181102181000,gcs2,3
20181102234000,gcs5,3
20181103091000,gcs5,3
20181103040000,gcs6,27
20181102154000,gcs4,3
20181102122000,KVMHost02,8
20181102123000,tsdn-svr1,122
20181103004000,dn02,1
20181102133000,hadoop03,1
20181102152000,DB-01,1
20181103055000,hadoop03,1
20181103085000,hadoop02,1
20181103090000,gcs4,27
20181103074000,gcs5,3
20181102092000,hadoop02,1
20181102101000,gcs3,3
20181102102000,hadoop04,1
20181102120000,dn02,6
20181103001000,gcs7,105
20181102192000,gcs7,105
20181102121000,gcs7,105
20181102130000,tsdn-svr1,167
20181103064000,KVMHost01,1
20181102134000,gcs2,3
20181102135000,KVMHost01,1
20181103031000,gcs3,3
20181103040000,hadoop04,6
20181103052000,ans41,46
20181103053000,tsdn-db,162
20181103060000,dn03,6
20181103011000,gcs1,4303
20181102190000,tsdn-db,155
20181102112000,dn02,1
20181103074000,gcs7,105
20181103080000,hadoop03,6
20181103080000,dn03,6
20181102225000,DB-01,1
20181102080000,gcs6,5
20181102163000,gcs6,3
20181102184000,tsdn-svr1,136
20181102224000,gcs1,4325
20181102142000,DB-01,1
20181102150000,gcs3,27
20181103090000,hadoop01,6
20181103092000,hadoop03,1
20181103061000,gcs4,3
20181103062000,dn03,1
20181103065000,tsdn-svr1,192
20181103033000,DB-01,1
20181103035000,dn02,1
20181102194000,hadoop02,1
20181102100000,gcs5,24
20181102102000,DB-01,1
20181102104000,gcs1,4292
20181102104000,dn02,1
20181102153000,hadoop03,1
20181103071000,KVMHost01,1
20181102095000,hadoop01,1
20181102203000,gcs3,3
20181102113000,tsdn-db,149
20181102114000,hadoop03,1
20181102121000,KVMHost02,4
20181102122000,gcs6,3
20181102130000,gcs5,24
20181103083000,dn02,1
20181103031000,gcs1,4326
20181103084000,gcs5,3
20181102201000,tsdn-db,143
20181102211000,gcs3,3
20181102215000,gcs6,3
20181102085000,hadoop04,1
20181102114000,gcs7,105
20181102232000,dn03,1
20181102121000,hadoop01,1
20181103030000,hadoop01,9
20181103031000,tsdn-svr1,163
20181103050000,gcs4,27
20181102193000,hadoop02,1
20181102193000,gcs3,3
20181102201000,hadoop03,1
20181103014000,gcs7,105
20181102162000,gcs1,4292
20181102140000,KVMHost02,16
20181102145000,gcs4,3
20181102110000,gcs6,27
20181102181000,gcs6,3
20181102183000,KVMHost02,4
20181102224000,KVMHost02,8
20181102131000,DB-01,1
20181102171000,gcs7,105
20181102081000,hadoop01,1
20181102083000,hadoop04,1
20181103060000,tsdn-db,169
20181103063000,gcs6,3
20181102220000,platform2,1412
20181102233000,ans41,47
20181102143000,DB-01,1
20181102145000,gcs6,3
20181102121000,gcs3,3
20181102123000,hadoop02,1
20181103021000,dn03,1
20181103041000,tsdn-svr1,344
20181103042000,ans41,46
20181103054000,tsdn-svr1,144
20181102170000,gcs2,27
20181102081000,KVMHost01,1
20181102151000,gcs4,3
20181102155000,gcs2,3
20181102120000,gcs5,24
20181102121000,gcs5,3
20181102224000,gcs4,3
20181102140000,hadoop01,6
20181102140000,dn03,6
20181103093000,gcs4,3
20181102235000,tsdn-db,169
20181103070000,gcs2,27
20181102170000,hadoop04,6
20181102112000,gcs5,3
20181102120000,DB-01,6
20181102091000,platform2,1428
20181102213000,hadoop03,1
20181102233000,gcs3,3
20181102203000,gcs2,3
20181102082000,hadoop04,1
20181102155000,KVMHost02,4
20181103040000,dn03,6
20181103044000,hadoop03,1
20181103072000,hadoop04,1
20181103072000,KVMHost02,8
20181103080000,hadoop02,6
20181102192000,gcs5,3
20181102193000,hadoop04,1
20181102182000,gcs2,3
20181102185000,dn02,1
20181102102000,hadoop01,1
20181103013000,gcs2,3
20181102083000,gcs7,105
20181102085000,gcs7,105
20181102103000,gcs1,4315
20181103092000,gcs4,3
20181102182000,gcs5,3
20181102185000,KVMHost01,1
20181102185000,tsdn-svr1,420
20181102192000,hadoop01,1
20181102120000,hadoop03,6
20181102111000,gcs5,3
20181102113000,hadoop03,1
20181102080000,tsdn-svr1,176
20181102082000,DB-01,1
20181102222000,tsdn-db,146
20181102223000,DB-01,1
20181102211000,hadoop02,1
20181102180000,dn03,6
20181102104000,hadoop03,1
20181103011000,gcs2,3
20181102122000,hadoop01,16
20181102123000,tsdn-db,143
20181102161000,gcs6,3
20181102091000,gcs4,3
20181102093000,tsdn-db,146
20181103082000,gcs7,105
20181103001000,dn03,1
20181103085000,gcs3,3
20181102180000,gcs5,24
20181102184000,tsdn-db,149
20181102105000,hadoop02,1
20181102194000,KVMHost02,8
20181102203000,gcs4,3
20181103065000,gcs6,3
20181103070000,gcs6,27
20181102151000,dn02,1
20181102220000,gcs3,27
20181103071000,dn03,1
20181103004000,hadoop04,1
20181102080000,hadoop03,5
20181103044000,KVMHost01,1
20181103050000,tsdn-db,164
20181103024000,hadoop02,1
20181102115000,gcs2,3
20181102135000,hadoop04,1
20181102192000,gcs3,3
20181103034000,gcs4,3
20181103040000,KVMHost01,6
20181102152000,ans41,46
20181102140000,gcs4,27
20181102142000,ans41,46
20181103013000,dn02,1
20181103090000,gcs5,24
20181102224000,hadoop03,1
20181102225000,KVMHost02,4
20181102084000,tsdn-svr1,72
20181102161000,DB-01,1
20181103061000,gcs7,105
20181103064000,hadoop04,1
20181102215000,gcs1,4329
20181103081000,gcs7,105
20181102135000,dn03,1
20181102174000,gcs1,4325
20181102180000,DB-01,6
20181103010000,gcs6,29
20181103033000,ans41,57
20181102110000,gcs4,27
20181102154000,DB-01,1
20181103091000,KVMHost02,4
20181103091000,dn02,1
20181103041000,gcs3,3
20181103041000,gcs5,3
20181103053000,hadoop01,1
20181103022000,ans41,46
20181102122000,hadoop02,1
20181102130000,hadoop01,6
20181103091000,DB-01,1
20181103020000,gcs4,29
20181103065000,dn03,1
20181102161000,gcs1,4293
20181102164000,gcs2,3
20181102092000,tsdn-db,149
20181103022000,gcs4,3
20181103025000,gcs2,3
20181103080000,gcs5,24
20181102113000,hadoop02,1
20181103085000,gcs5,3
20181102095000,DB-01,1
20181102095000,ans41,46
20181102165000,hadoop03,1
20181103055000,ans41,47
20181102175000,KVMHost02,4
20181102210000,KVMHost02,16
20181102104000,tsdn-svr1,209
20181103033000,gcs7,105
20181103081000,ans41,46
20181102183000,gcs4,3
20181102144000,KVMHost01,1
20181103070000,KVMHost02,16
20181103043000,dn02,1
20181102090000,hadoop01,6
20181102165000,ans41,46
20181102175000,hadoop01,1
20181103055000,gcs3,3
20181103032000,platform2,1435
20181102211000,tsdn-db,146
20181102181000,KVMHost01,1
20181103081000,gcs6,3
20181102195000,hadoop01,1
20181102195000,gcs5,3
20181102192000,dn03,1
20181102211000,gcs2,3
20181102211000,gcs4,3
20181103003000,hadoop01,1
20181102173000,hadoop01,1
20181102173000,platform2,1400
20181102173000,gcs3,3
20181102150000,gcs1,4366
20181102151000,hadoop04,1
20181102151000,KVMHost02,4
20181102154000,tsdn-svr1,211
20181103033000,hadoop02,1
20181103061000,hadoop03,1
20181102221000,gcs5,3
20181102221000,hadoop03,1
20181102225000,dn02,1
20181102230000,gcs5,24
20181102204000,gcs3,3
20181102233000,gcs2,3
20181102114000,platform2,1417
20181102181000,gcs1,4358
20181102133000,dn02,1
20181103032000,gcs7,105
20181103012000,gcs3,3
20181103093000,KVMHost01,1
20181102092000,gcs6,3
20181102204000,ans41,46
20181102232000,tsdn-db,163
20181102234000,KVMHost02,8
20181102174000,gcs7,105
20181102113000,dn03,1
20181102144000,hadoop03,1
20181103074000,dn02,1
20181102082000,dn02,1
20181102164000,gcs5,3
20181103001000,gcs3,3
20181102193000,DB-01,1
20181102194000,KVMHost01,1
20181103001000,platform2,1418
20181102083000,gcs3,3
20181102084000,gcs6,3
20181102093000,hadoop03,1
20181103090000,tsdn-svr1,202
20181103033000,gcs1,4325
20181103040000,DB-01,6
20181103042000,tsdn-svr1,456
20181103044000,gcs3,3
20181103045000,gcs3,3
20181103051000,platform2,1417
20181103053000,gcs6,3
20181103074000,hadoop02,1
20181103075000,hadoop01,1
20181102233000,platform2,1388
20181102234000,dn02,1
20181102101000,KVMHost02,4
20181102103000,tsdn-db,153
20181102105000,gcs2,3
20181102134000,gcs3,3
20181102185000,gcs4,3
20181102193000,tsdn-svr1,10890
20181103060000,gcs3,27
20181103065000,DB-01,1
20181102090000,gcs2,27
20181103005000,dn03,1
20181102161000,hadoop01,1
20181102223000,tsdn-db,154
20181103025000,gcs5,3
20181103012000,gcs6,3
20181103014000,dn03,1
20181102111000,tsdn-db,149
20181102202000,dn02,1
20181102183000,hadoop04,1
20181103034000,gcs3,3
20181103052000,platform2,1418
20181103052000,hadoop02,1
20181103053000,gcs4,3
20181102231000,hadoop04,1
20181102231000,ans41,46
20181102104000,platform2,1418
20181102090000,KVMHost02,16
20181102164000,dn03,1
20181102191000,dn02,1
20181102193000,tsdn-db,146
20181102214000,hadoop03,1
20181102111000,hadoop03,1
20181102115000,hadoop04,1
20181103023000,tsdn-svr1,141
20181103024000,gcs7,105
20181103035000,hadoop04,1
20181102195000,gcs4,3
20181103012000,dn02,1
20181103014000,KVMHost01,1
20181102141000,gcs1,4293
20181102145000,DB-01,1
20181102162000,hadoop03,1
20181102164000,platform2,1418
20181102215000,dn02,1
20181103085000,tsdn-svr1,44
20181102125000,tsdn-db,143
20181102205000,dn03,1
20181102174000,tsdn-svr1,462
20181102233000,hadoop03,1
20181102101000,platform2,1418
20181103071000,platform2,1418
20181103073000,hadoop03,1
20181103092000,gcs5,3
20181102133000,KVMHost01,1
20181103043000,hadoop04,1
20181103050000,hadoop02,6
20181103023000,hadoop04,1
20181102091000,tsdn-svr1,66
20181102143000,hadoop02,1
20181102214000,hadoop01,1
20181102232000,hadoop04,1
20181103001000,hadoop02,1
20181103002000,tsdn-db,158
20181102201000,hadoop04,1
20181102202000,hadoop04,1
20181102085000,dn02,1
20181102101000,dn02,1
20181102105000,KVMHost01,1
20181102135000,gcs2,3
20181102185000,hadoop01,1
20181102190000,hadoop01,6
20181102193000,gcs2,3
20181102125000,hadoop04,1
20181102121000,dn02,1
20181102130000,gcs7,135
20181102091000,hadoop03,1
20181102092000,dn02,1
20181102204000,hadoop01,1
20181103090000,gcs2,27
20181103013000,platform2,1458
20181102105000,dn02,1
20181102183000,hadoop01,1
20181102184000,gcs6,3
20181103081000,gcs3,3
20181103082000,gcs4,3
20181103084000,hadoop01,1
20181102135000,hadoop02,1
20181102173000,gcs4,3
20181103010000,KVMHost02,18
20181103020000,dn02,9
20181102151000,KVMHost01,1
20181103050000,dn03,6
20181102161000,tsdn-db,251
20181102161000,ans41,46
20181102111000,hadoop01,1
20181102111000,gcs2,3
20181102210000,hadoop01,6
20181103022000,gcs3,3
20181103023000,gcs5,3
20181102174000,KVMHost01,1
20181103070000,dn03,6
20181103071000,tsdn-svr1,320
20181103060000,platform2,1412
20181103062000,gcs5,3
20181103064000,dn02,1
20181103012000,gcs2,3
20181102153000,KVMHost02,4
20181102153000,KVMHost01,1
20181102123000,gcs3,3
20181102125000,tsdn-svr1,186
20181103041000,hadoop03,1
20181103042000,gcs2,3
20181103045000,DB-01,1
20181103045000,tsdn-db,160
20181103045000,hadoop01,1
20181102221000,gcs4,3
20181103051000,tsdn-db,160
20181103053000,hadoop03,1
20181102133000,gcs5,3
20181102160000,gcs4,27
20181102163000,hadoop02,1
20181102220000,KVMHost01,6
20181102140000,hadoop02,6
20181103055000,gcs1,4296
20181103055000,gcs7,105
20181102190000,gcs5,24
20181102194000,tsdn-db,149
20181102195000,platform2,1417
20181102135000,tsdn-svr1,272
20181102170000,dn03,6
20181102081000,DB-01,1
20181102085000,gcs4,3
20181102141000,gcs2,3
20181102150000,hadoop04,6
20181102220000,gcs5,24
20181103032000,tsdn-svr1,132
20181103032000,dn02,1
20181103033000,hadoop04,16
20181102231000,tsdn-svr1,194
20181102232000,gcs7,105
20181102110000,tsdn-svr1,211
20181102091000,tsdn-db,143
20181102165000,platform2,1446
20181103092000,gcs2,3
20181102112000,hadoop01,1
20181102115000,tsdn-svr1,117
20181103054000,ans41,46
20181102130000,dn03,6
20181103040000,ans41,59
20181103064000,KVMHost02,8
20181103070000,tsdn-svr1,113
20181103014000,hadoop04,1
20181102111000,hadoop02,1
20181102111000,gcs3,3
20181103071000,gcs2,3
20181102151000,hadoop03,1
20181102141000,gcs5,3
20181102144000,gcs4,3
20181103092000,DB-01,1
20181103035000,gcs6,3
20181102164000,dn02,1
20181102202000,gcs3,3
20181102205000,gcs2,3
20181102171000,gcs5,3
20181102081000,gcs4,3
20181102190000,gcs6,27
20181102194000,gcs2,3
20181103003000,gcs6,3
20181103051000,gcs3,3
20181102101000,tsdn-svr1,58
20181102083000,KVMHost02,4
20181102084000,dn03,1
20181102210000,dn03,6
20181102144000,dn02,1
20181103013000,hadoop02,1
20181102231000,dn02,1
20181102183000,gcs3,3
20181102131000,tsdn-svr1,157
20181102204000,gcs4,3
20181102205000,dn02,1
20181102175000,gcs7,105
20181102175000,platform2,1419
20181102081000,KVMHost02,4
20181102181000,platform2,1418
20181103032000,DB-01,1
20181103012000,dn03,1
20181103013000,hadoop03,1
20181102221000,hadoop02,1
20181102223000,hadoop02,1
20181102121000,hadoop04,1
20181102142000,hadoop02,1
20181102143000,dn02,1
20181102080000,gcs7,84
20181102204000,tsdn-svr1,209
20181102220000,gcs4,27
20181102152000,KVMHost02,8
20181102155000,hadoop03,1
20181103004000,platform2,1417
20181103050000,hadoop01,6
20181102190000,platform2,1412
20181102110000,hadoop04,6
20181103090000,hadoop02,6
20181103075000,KVMHost02,4
20181102111000,dn03,1
20181103025000,dn03,1
20181103085000,KVMHost01,1
20181102121000,dn03,1
20181102123000,hadoop03,1
20181102210000,tsdn-svr1,324
20181102082000,gcs4,3
20181102085000,gcs5,3
20181103040000,hadoop03,6
20181102163000,hadoop01,1
20181103075000,gcs1,4292
20181102192000,platform2,1418
20181102121000,gcs1,4293
20181102121000,hadoop03,1
20181103001000,gcs5,3
20181103004000,gcs6,3
20181102221000,dn03,1
20181102224000,hadoop01,1
20181103051000,gcs5,3
20181102102000,hadoop02,1
20181102102000,tsdn-db,153
20181102103000,gcs2,3
20181102134000,gcs6,3
20181102112000,dn03,1
20181102113000,ans41,46
20181103072000,gcs2,3
20181103045000,dn03,1
20181102160000,gcs1,4399
20181102164000,gcs1,4292
20181102082000,KVMHost01,1
20181102130000,platform2,1412
20181102232000,hadoop02,1
20181102235000,KVMHost02,8
20181102103000,KVMHost01,1
20181103035000,KVMHost02,4
20181103035000,platform2,1417
20181103083000,hadoop01,1
20181102185000,gcs5,3
20181102222000,hadoop03,1
20181103024000,KVMHost01,1
20181103092000,gcs1,4292
20181102141000,tsdn-svr1,86
20181102120000,KVMHost02,16
20181102122000,ans41,46
20181102123000,KVMHost01,1
20181103011000,hadoop03,1
20181103025000,KVMHost02,4
20181103060000,ans41,57
20181102163000,gcs3,3
20181102231000,KVMHost02,4
20181102232000,gcs1,4292
20181103050000,dn02,6
20181103081000,gcs1,4293
20181103081000,KVMHost01,1
20181103083000,gcs7,105
20181102202000,ans41,46
20181102152000,KVMHost01,1
20181102143000,KVMHost02,4
20181103091000,gcs7,105
20181102135000,tsdn-db,149
20181102212000,gcs1,4297
20181102094000,hadoop04,1
20181102120000,gcs6,27
20181103073000,gcs6,3
20181103074000,DB-01,1
20181103061000,gcs5,3
20181103064000,hadoop01,1
20181102171000,gcs4,3
20181102173000,hadoop03,1
20181102135000,ans41,46
20181102210000,hadoop04,6
20181102210000,ans41,57
20181102214000,gcs1,4292
20181102082000,gcs1,4325
20181102084000,hadoop03,1
20181102084000,hadoop04,1
20181102200000,KVMHost02,16
20181102200000,dn03,6
20181102203000,ans41,46
20181102204000,DB-01,1
20181102183000,gcs7,105
20181102195000,gcs7,105
20181103044000,hadoop04,1
20181103045000,gcs1,4296
20181102132000,tsdn-svr1,49
20181102133000,dn03,1
20181102134000,tsdn-db,148
20181102134000,dn02,1
20181102111000,platform2,1417
20181102100000,gcs1,4423
20181102083000,hadoop03,1
20181102121000,DB-01,1
20181102124000,hadoop02,1
20181102103000,hadoop04,1
20181103035000,KVMHost01,1
20181103045000,gcs2,3
20181103022000,DB-01,1
20181102221000,KVMHost01,1
20181102221000,gcs6,3
20181102222000,gcs4,3
20181103051000,gcs7,105
20181102223000,gcs7,105
20181103091000,dn03,1
20181102193000,hadoop03,1
20181102194000,gcs1,4292
20181102090000,gcs3,27
20181103075000,tsdn-svr1,147
20181102175000,hadoop04,1
20181103020000,gcs2,29
20181103032000,gcs5,3
20181103033000,tsdn-svr1,142
20181102152000,gcs5,3
20181102154000,tsdn-db,150
20181102201000,gcs2,3
20181102202000,gcs4,3
20181102181000,tsdn-db,149
20181102113000,gcs5,3
20181103023000,gcs2,3
20181102131000,platform2,1418
20181102195000,dn02,1
20181103082000,gcs6,3
20181102230000,hadoop02,6
20181103033000,gcs4,10
20181103035000,tsdn-db,159
20181102171000,platform2,1418
20181102202000,gcs5,3
20181103020000,platform2,1414
20181102084000,gcs1,4292
20181103045000,KVMHost02,4
20181102091000,ans41,46
20181103052000,gcs2,3
20181103052000,gcs5,3
20181103091000,hadoop03,1
20181102213000,dn03,1
20181102112000,tsdn-db,143
20181102191000,hadoop04,1
20181103003000,dn02,1
20181103010000,gcs7,137
20181102202000,hadoop03,1
20181102171000,tsdn-svr1,142
20181103032000,hadoop03,16
20181103035000,gcs3,3
20181103060000,hadoop01,6
20181102214000,dn02,1
20181103013000,DB-01,1
20181102225000,dn03,1
20181103025000,hadoop03,1
20181102234000,tsdn-db,160
20181102111000,DB-01,1
20181102220000,gcs2,27
20181102175000,gcs6,3
20181102160000,tsdn-db,160
20181102085000,DB-01,1
20181103040000,dn02,6
20181102092000,hadoop01,1
20181103072000,gcs1,4292
20181103001000,KVMHost01,1
20181103004000,KVMHost02,8
20181102190000,hadoop02,6
20181103032000,hadoop04,1
20181102143000,gcs5,3
20181102144000,gcs7,105
20181103054000,gcs3,3
20181102123000,gcs2,5
20181102123000,gcs7,105
20181102151000,DB-01,1
20181102171000,gcs6,3
20181102172000,gcs2,3
20181102202000,gcs7,105
20181102092000,gcs7,105
20181102093000,gcs2,3
20181102094000,gcs2,3
20181102082000,KVMHost02,8
20181102152000,hadoop01,1
20181102213000,platform2,1413
20181102165000,dn03,1
20181102120000,platform2,1412
20181103092000,tsdn-db,155
20181102101000,ans41,46
20181102144000,gcs1,4292
20181102205000,hadoop03,1
20181102210000,hadoop03,6
20181102143000,hadoop04,1
20181103015000,gcs3,3
20181102184000,gcs4,3
20181103030000,gcs7,138
20181103050000,KVMHost02,16
20181102211000,gcs1,4293
20181102215000,gcs4,3
20181103043000,platform2,1407
20181102175000,ans41,46
20181103044000,gcs1,4325
20181102120000,gcs1,4399
20181102142000,gcs3,3
20181102153000,DB-01,1
20181103004000,hadoop02,1
20181103023000,hadoop02,1
20181102174000,hadoop02,1
20181102204000,gcs1,4325
20181103031000,platform2,1426
20181102183000,tsdn-svr1,174
20181103062000,gcs2,3
20181102120000,gcs3,27
20181103075000,KVMHost01,1
20181102093000,KVMHost01,1
20181102152000,gcs2,3
20181103005000,gcs3,3
20181103022000,gcs2,3
20181103093000,gcs6,3
20181102134000,KVMHost01,1
20181102125000,KVMHost02,4
20181103012000,DB-01,1
20181103062000,KVMHost01,1
20181103081000,tsdn-svr1,184
20181102101000,DB-01,1
20181102092000,gcs2,3
20181102190000,hadoop03,6
20181102164000,hadoop02,1
20181103055000,tsdn-svr1,224
20181102113000,platform2,1389
20181102115000,gcs7,105
20181103071000,hadoop04,1
20181103072000,ans41,46
20181102135000,gcs6,3
20181103051000,gcs4,3
20181103051000,tsdn-svr1,70
20181102235000,ans41,47
20181103010000,gcs4,29
20181102124000,hadoop03,1
20181102183000,ans41,46
20181103090000,ans41,57
20181102204000,hadoop03,1
20181103024000,gcs2,3
20181103024000,dn02,1
20181102082000,gcs2,3
20181103062000,DB-01,1
20181102195000,hadoop04,1
20181103021000,tsdn-db,158
20181103042000,dn03,1
20181102144000,KVMHost02,8
20181102122000,platform2,1419
20181102130000,dn02,6
20181103053000,dn03,1
20181103054000,hadoop03,1
20181102202000,KVMHost02,8
20181102203000,gcs5,3
20181102152000,dn02,1
20181102154000,gcs1,4325
20181102230000,dn03,6
20181102221000,gcs7,105
20181103002000,gcs5,3
20181103004000,gcs1,4325
20181103005000,hadoop04,1
20181103064000,platform2,1418
20181103065000,gcs7,105
20181103070000,DB-01,6
20181102170000,ans41,57
20181103032000,ans41,46
20181102080000,KVMHost01,5
20181102081000,platform2,1417
20181102083000,dn03,1
20181103070000,ans41,57
20181103072000,dn02,1
20181103052000,tsdn-db,160
20181102214000,ans41,46
20181102133000,gcs4,3
20181102133000,gcs2,3
20181102114000,tsdn-svr1,112
20181102091000,dn02,1
20181102094000,gcs5,3
20181103044000,gcs5,3
20181102165000,KVMHost02,4
20181102174000,hadoop03,1
20181102180000,hadoop04,6
20181102202000,hadoop01,1
20181103000000,dn03,9
20181103003000,gcs3,3
20181103003000,DB-01,1
20181102193000,gcs5,3
20181102112000,gcs1,4292
20181103080000,platform2,1442
20181103055000,KVMHost01,1
20181102150000,gcs5,24
20181102150000,ans41,57
20181103092000,hadoop01,1
20181103093000,KVMHost02,4
20181102143000,tsdn-db,482
20181103082000,gcs3,3
20181102104000,gcs6,3
20181103044000,KVMHost02,8
20181102201000,gcs5,3
20181102201000,gcs3,3
20181102164000,gcs7,105
20181102164000,DB-01,1
20181102170000,KVMHost02,16
20181102225000,hadoop02,1
20181103001000,KVMHost02,4
20181102192000,gcs6,3
20181102090000,gcs6,27
20181102181000,hadoop04,1
20181102185000,hadoop02,1
20181102094000,DB-01,1
20181103071000,gcs5,3
20181103080000,gcs1,4399
20181103021000,gcs2,3
20181103015000,KVMHost02,4
20181102115000,gcs6,3
20181102120000,hadoop04,6
20181102170000,gcs1,4366
20181102174000,ans41,46
20181103091000,tsdn-db,162
20181102195000,ans41,46
20181102205000,hadoop01,1
20181102140000,dn02,6
20181102141000,KVMHost02,4
20181102193000,KVMHost02,4
20181102215000,tsdn-db,149
20181103003000,tsdn-db,162
20181102080000,tsdn-db,142
20181102081000,dn03,1
20181102131000,tsdn-db,146
20181103082000,ans41,46
20181103083000,tsdn-svr1,249
20181102101000,hadoop01,1
20181102093000,hadoop02,1
20181102151000,gcs3,3
20181103001000,dn02,1
20181103002000,gcs7,105
20181103002000,DB-01,1
20181103091000,hadoop04,1
20181103092000,hadoop04,1
20181103020000,tsdn-svr1,215
20181103081000,gcs2,3
20181102083000,hadoop02,1
20181102090000,hadoop02,6
20181102112000,hadoop03,1
20181102093000,gcs6,3
20181102102000,dn02,1
20181102212000,hadoop01,1
20181102230000,hadoop01,6
20181102233000,tsdn-svr1,145
20181102173000,KVMHost02,4
20181102194000,hadoop03,1
20181102121000,gcs2,3
20181103054000,KVMHost01,1
20181103081000,DB-01,1
20181102184000,DB-01,1
20181102132000,hadoop03,1
20181103043000,KVMHost02,4
20181102171000,KVMHost02,4
20181102172000,DB-01,1
20181102180000,tsdn-svr1,133
20181103061000,gcs1,4291
20181103070000,gcs1,4366
20181102083000,KVMHost01,1
20181102202000,gcs6,3
20181102205000,KVMHost01,1
20181102233000,gcs1,4325
20181102214000,hadoop04,1
20181102165000,hadoop01,1
20181102100000,dn03,6
20181102151000,ans41,46
20181102154000,gcs7,105
20181102154000,hadoop04,1
20181103074000,KVMHost01,1
20181103075000,DB-01,1
20181103075000,gcs4,3
20181102113000,tsdn-svr1,135
20181102213000,ans41,46
20181102160000,gcs3,27
20181102195000,KVMHost02,4
20181102154000,hadoop02,1
20181103030000,gcs2,30
20181103033000,dn02,1
20181103034000,hadoop04,1
20181103052000,gcs1,4292
20181103043000,gcs3,3
20181103025000,dn02,1
20181102232000,dn02,1
20181102234000,gcs3,3
20181103085000,dn02,1
20181102134000,hadoop04,1
20181102213000,hadoop04,1
20181103064000,hadoop02,1
20181103014000,hadoop01,1
20181103042000,hadoop03,1
20181102114000,DB-01,1
20181103042000,hadoop04,1
20181103022000,tsdn-db,161
20181102132000,ans41,46
20181102191000,gcs7,105
20181102192000,hadoop03,1
20181102200000,platform2,1412
20181103060000,tsdn-svr1,148
20181102092000,dn03,1
20181102105000,gcs6,3
20181102173000,gcs6,3
20181103054000,gcs6,3
20181103081000,dn02,1
20181102152000,dn03,1
20181102153000,hadoop01,1
20181103073000,tsdn-svr1,82
20181102115000,DB-01,1
20181102230000,gcs2,27
20181102234000,gcs7,105
20181102171000,KVMHost01,1
20181102193000,gcs1,4312
20181103025000,gcs6,3
20181102160000,gcs6,27
20181102164000,gcs6,3
20181103005000,hadoop01,1
20181103062000,tsdn-svr1,156
20181103062000,hadoop03,1
20181103065000,gcs2,3
20181102121000,KVMHost01,1
20181102122000,tsdn-svr1,250
20181102122000,KVMHost01,1
20181102083000,gcs4,3
20181103010000,hadoop03,9
20181103015000,hadoop01,1
20181102192000,ans41,46
20181102195000,dn03,1
20181102121000,gcs6,3
20181102123000,hadoop01,1
20181102125000,KVMHost01,1
20181103080000,tsdn-svr1,86
20181102101000,gcs1,4331
20181102110000,dn03,6
20181103093000,gcs3,3
20181102140000,DB-01,6
20181102142000,gcs1,4292
20181103055000,hadoop04,1
20181102221000,gcs1,4326
20181102161000,hadoop04,1
20181102162000,gcs7,105
20181102213000,KVMHost02,4
20181102214000,tsdn-db,143
20181102144000,DB-01,1
20181102145000,gcs1,4325
20181102174000,gcs3,3
20181102180000,platform2,1437
20181102103000,hadoop02,1
20181103002000,KVMHost02,8
20181103004000,gcs5,3
20181103083000,gcs2,3
20181102190000,dn02,6
20181102191000,platform2,1443
20181102205000,gcs6,3
20181103030000,platform2,1413
20181103073000,platform2,1418
20181103041000,hadoop02,1
20181102083000,gcs6,3
20181102202000,tsdn-db,149
20181102151000,platform2,1417
20181102225000,gcs5,3
20181102140000,gcs6,27
20181102234000,platform2,1418
20181102235000,hadoop04,2
20181103070000,KVMHost01,6
20181103000000,KVMHost02,18
20181102122000,DB-01,1
20181102125000,gcs5,3
20181102181000,hadoop01,1
20181102172000,KVMHost01,1
20181103082000,DB-01,1
20181102210000,KVMHost01,6
20181103090000,gcs3,27
20181102162000,KVMHost01,1
20181102163000,gcs4,3
20181103004000,hadoop03,1
20181103010000,platform2,1509
20181103010000,dn03,9
20181103060000,KVMHost01,6
20181103062000,gcs6,3
20181103020000,hadoop03,9
20181102234000,tsdn-svr1,294
20181102190000,ans41,57
20181102200000,hadoop02,6
20181102142000,gcs4,3
20181102102000,gcs3,3
20181102102000,gcs5,3
20181102104000,gcs2,3
20181103054000,hadoop04,1
20181103030000,hadoop03,9
20181103031000,dn02,18
20181103040000,gcs5,24
20181102155000,dn03,1
20181102111000,hadoop04,1
20181102115000,dn03,1
20181103041000,hadoop01,1
20181103043000,tsdn-db,160
20181103022000,gcs1,4325
20181102132000,tsdn-db,235
20181102134000,gcs4,3
20181102155000,gcs7,105
20181103030000,dn03,9
20181102222000,ans41,46
20181103062000,tsdn-db,157
20181103014000,gcs5,3
20181103015000,tsdn-svr1,335
20181103072000,gcs6,3
20181103084000,gcs2,3
20181102210000,gcs7,135
20181103041000,gcs2,3
20181102165000,DB-01,1
20181102232000,hadoop03,1
20181102102000,tsdn-svr1,156
20181103040000,gcs2,27
20181103040000,gcs4,27
20181102153000,gcs2,3
20181102191000,gcs5,3
20181102192000,DB-01,1
20181103065000,platform2,1417
20181102230000,gcs7,135
20181102142000,gcs6,3
20181102090000,ans41,57
20181102172000,hadoop04,1
20181103024000,hadoop04,1
20181103024000,KVMHost02,8
20181102131000,gcs4,3
20181102135000,hadoop03,1
20181102231000,hadoop02,1
20181102232000,gcs2,3
20181102232000,DB-01,1
20181103044000,gcs2,3
20181102183000,gcs2,3
20181102123000,gcs1,4292
20181103002000,dn02,1
20181102213000,gcs4,3
20181102150000,gcs4,27
20181102152000,platform2,1418
20181103050000,hadoop04,6
20181103051000,DB-01,1
20181102163000,hadoop03,1
20181103072000,hadoop02,2
20181103004000,DB-01,1
20181102200000,KVMHost01,6
20181102123000,hadoop04,1
20181102130000,KVMHost02,16
20181103015000,gcs1,4327
20181103015000,hadoop02,1
20181103063000,hadoop01,1
20181102202000,tsdn-svr1,296
20181102163000,KVMHost01,1
20181102211000,hadoop01,1
20181102214000,DB-01,1
20181102215000,gcs5,3
20181103073000,DB-01,1
20181103084000,gcs6,3
20181102185000,dn03,1
20181102092000,gcs1,4292
20181102131000,gcs7,105
20181102133000,gcs7,105
20181102205000,gcs3,3
20181102223000,KVMHost01,1
20181102145000,dn03,1
20181102120000,ans41,57
20181102122000,dn03,1
20181102095000,gcs2,3
20181103071000,KVMHost02,4
20181102110000,dn02,6
20181103083000,tsdn-db,160
20181103085000,KVMHost02,4
20181102212000,gcs2,3
20181102212000,hadoop04,1
20181102214000,gcs4,3
20181102100000,ans41,57
20181102102000,gcs4,3
20181103093000,tsdn-db,160
20181102200000,gcs3,27
20181103011000,hadoop01,1
20181102164000,hadoop04,1
20181102165000,hadoop04,1
20181102193000,dn02,1
20181103063000,gcs7,105
20181103000000,gcs2,29
20181103001000,hadoop04,1
20181103002000,hadoop04,1
20181102084000,hadoop01,1
20181102084000,gcs2,3
20181102124000,platform2,1417
20181102184000,platform2,1417
20181103032000,gcs6,3
20181103051000,ans41,46
20181103055000,DB-01,1
20181103080000,gcs2,27
20181102230000,hadoop03,6
20181102233000,gcs7,105
20181103032000,gcs2,3
20181103002000,gcs6,3
20181102215000,ans41,46
20181102124000,gcs2,3
20181103015000,hadoop03,1
20181102174000,gcs4,3
20181102133000,hadoop02,1
20181103044000,dn02,1
20181103045000,ans41,46
20181103050000,DB-01,6
20181103021000,gcs3,3
20181103023000,gcs4,3
20181103072000,gcs4,3
20181103074000,hadoop01,1
20181103075000,gcs5,3
20181103052000,hadoop04,1
20181102224000,ans41,46
20181102230000,gcs4,27
20181103011000,platform2,1487
20181103012000,hadoop02,1
20181103082000,tsdn-svr1,189
20181103083000,hadoop04,1
20181103073000,gcs7,105
20181102104000,gcs7,105
20181102113000,gcs4,3
20181102193000,ans41,46
20181103001000,gcs4,3
20181103004000,tsdn-db,157
20181103030000,gcs3,30
20181102151000,gcs2,3
20181103034000,platform2,1418
20181102163000,tsdn-svr1,263
20181102094000,hadoop01,1
20181102094000,KVMHost01,1
20181102120000,KVMHost01,6
20181103074000,platform2,1388
20181102142000,KVMHost02,8
20181102142000,hadoop04,1
20181102203000,platform2,1388
20181103042000,gcs6,3
20181102151000,hadoop01,1
20181102153000,gcs5,3
20181102154000,KVMHost01,1
20181103064000,gcs2,3
20181103015000,dn03,1
20181102164000,gcs3,3
20181103092000,gcs3,3
20181102173000,tsdn-svr1,117
20181102123000,ans41,47
20181102233000,DB-01,1
20181102234000,DB-01,1
20181103084000,hadoop04,1
20181103085000,ans41,46
20181103005000,tsdn-svr1,105
20181103034000,gcs5,3
20181102203000,dn02,1
20181102172000,gcs3,3
20181102173000,dn03,1
20181102175000,DB-01,1
20181102195000,gcs2,3
20181102145000,KVMHost01,1
20181103092000,gcs6,3
20181102162000,KVMHost02,8
20181103022000,dn03,1
20181103024000,dn03,1
20181103051000,gcs6,3
20181103051000,dn03,1